<?xml version="1.0" encoding="UTF-8"?>
<project-private xmlns="http://www.netbeans.org/ns/project-private/1">
    <editor-bookmarks xmlns="http://www.netbeans.org/ns/editor-bookmarks/2" lastBookmarkId="0"/>
    <open-files xmlns="http://www.netbeans.org/ns/projectui-open-files/2">
        <group>
            <file>file:/C:/Users/admin/Downloads/MMT-shop1_22_9_11_2023/src/com/MMT_Shop/form/Form_Nhan_Vien.java</file>
            <file>file:/C:/Users/admin/Downloads/MMT-shop1_22_9_11_2023/src/com/MMT_Shop/form/Form_Khach_Hang.java</file>
            <file>file:/C:/Users/admin/Downloads/MMT-shop1_22_9_11_2023/src/com/MMT_Shop/form/Form_San_Pham.java</file>
            <file>file:/C:/Users/admin/Downloads/MMT-shop1_22_9_11_2023/src/com/MMT_Shop/Chien/Form_Hoa_Don.java</file>
            <file>file:/C:/Users/admin/Downloads/MMT-shop1_22_9_11_2023/src/com/MMT_Shop/form/Form_Thong_Ke.java</file>
        </group>
    </open-files>
</project-private>
